{
  "tau1": 0.0175039389559488,
  "tau2": 0.3586243386243386,
  "C_FN": 100,
  "C_FP_STEP": 1,
  "C_FP_BLOCK": 5,
  "max_block_rate": 0.02,
  "max_step_rate": 0.1
}